formattedDay,totalVolumeUSD,numberOfUsers,numberOfNewUsers,solanaVolumeUSD,baseVolumeUSD,bscVolumeUSD,solanaNumberOfUsers,baseNumberOfUsers,bscNumberOfUsers,numberOfReturningUsers,feesUSD,feesSOL,feesETH,feesBNB,numberOfTrades,numberOfPairs,cumulative_numberOfNewUsers
31/07/2025,2799.161315430379,11,0,0,0.061487063468297104,2799.099828366911,0,1,10,11,25.714125741558952,0,1.44875710644e-07,0.032361231188071576,15,8,254322
30/07/2025,6.441101903565321e+06,2351,211,6.397724776914836e+06,3564.9057540928175,39812.22089639243,2324,2,25,2140,58698.483310053874,324.94756134800036,0.00943757395252324,0.4550923195741037,39448,5943,254322
29/07/2025,8.628328404640384e+06,2669,209,8.546316076658158e+06,5358.286225154042,76654.04175707255,2619,7,43,2460,78629.65190534075,427.3762336130006,0.017443932866416205,0.8804330860984678,48080,6757,254111
28/07/2025,1.0412288408016678e+07,2864,328,1.025934254996642e+07,14313.326411952909,138632.53163830418,2801,9,54,2536,94087.34248713178,493.22126396300024,0.03715226245873217,1.514569064864426,52332,6673,253902
27/07/2025,6.920582183218413e+06,2351,196,6.857650534868364e+06,8657.716754295945,54273.931595752285,2305,8,38,2155,62702.71444368973,332.27021062200043,0.02202651422745295,0.5830220212085306,38341,4526,253574
26/07/2025,7.62201769072132e+06,2428,261,7.529007753377365e+06,13882.190189382949,79127.74715456925,2382,7,40,2167,69172.623214348,366.5166103070003,0.03742271908041455,0.8931234006025917,39878,5231,253378
25/07/2025,3.483300898461368e+06,1805,149,3.3888873144546156e+06,1455.9126805470528,92957.67132620598,1767,3,35,1656,31606.61967271492,170.92528527099986,0.004023869958620466,1.1147452385091765,20128,2889,253117
24/07/2025,9.868111634555662e+06,3003,411,9.840207897537606e+06,7220.067944682232,20683.669073376892,2973,8,22,2592,90044.06747729944,479.4853099330005,0.01954627615406239,0.24796333430856765,51700,6104,252968
23/07/2025,9.519982624225251e+06,2936,368,9.46528557370773e+06,5946.477301379753,48750.5732161424,2903,7,26,2568,86490.88582072008,444.89550601200114,0.016354191722890984,0.5715135052841097,50862,7129,252557
22/07/2025,1.2822750158671822e+07,3133,431,1.2774555662400354e+07,15681.160619475988,32513.335651992416,3114,6,13,2702,116988.16216982882,580.1972344920008,0.042891322156558026,0.3994916495663699,67378,8715,252189
21/07/2025,1.0724312595099054e+07,3098,449,1.0638809732190907e+07,10260.89458314719,75241.9683249959,3061,3,34,2649,98158.29861099173,505.8066924550004,0.027314097890200697,0.8977489499061256,62283,8217,251758
20/07/2025,7.499003703675457e+06,2549,237,7.478572836679618e+06,261.1764425690718,20169.690553269138,2533,3,13,2312,68502.21419535228,379.26675286100067,0.000646517871127643,0.24468269406871007,57388,7327,251309
19/07/2025,6.94345219569532e+06,2522,226,6.933199196956326e+06,68.88712163840074,10184.111617354367,2508,2,12,2296,62937.43824832315,355.6198269730002,0.000192268022628412,0.12847492367770844,48288,6276,251072
18/07/2025,1.3269412220330553e+07,3177,470,1.3196170241622364e+07,23.15938261,73218.81932558432,3151,1,25,2707,118766.09169305171,661.515895942002,5.85e-05,0.8980969999802061,69782,8045,250846
17/07/2025,1.286694401350923e+07,3295,501,1.2792249166700313e+07,2399.0439319356933,72295.80287698566,3239,7,49,2794,116270.64881227368,664.6534819180027,0.0070108920324909625,0.9441941954585389,69911,8064,250376
16/07/2025,1.2874150396027964e+07,3262,403,1.280949222006936e+07,3826.915427050225,60831.26053154851,3217,12,34,2859,116230.29512922924,683.8728900480033,0.011215538039444774,0.8448593982677817,69674,7806,249875
15/07/2025,9.686252221444383e+06,3009,361,9.601396124902232e+06,1968.255803471107,82887.84073868237,2960,10,41,2648,87260.90620375,537.976087577002,0.005996401967473635,1.0003353776410053,56875,6946,249472
14/07/2025,9.777102476457633e+06,3043,435,9.694485036692558e+06,5152.1412043330665,77465.29856074217,3009,7,27,2608,88803.9306106951,534.3432519690008,0.015614643788338234,1.08125962261073,57718,7079,249111
13/07/2025,6.67850266073834e+06,2423,309,6.642892818186669e+06,7963.389353631034,27646.453198038405,2398,12,15,2114,59533.38801625194,365.84312469100024,0.024888095907221085,0.3988683996193084,43104,6295,248676
12/07/2025,6.707767163419074e+06,2520,225,6.692056420461576e+06,8228.86954931476,7481.873408182128,2498,9,13,2295,60222.23269158847,373.9633423600002,0.025353173014998207,0.10853584182119289,47860,6215,248367
11/07/2025,8.545750542585345e+06,2928,373,8.500857740043554e+06,937.6925559409417,43955.10998585021,2900,9,19,2555,76505.15394591662,464.59902416900076,0.0028833178995543627,0.5886097451469461,54722,7841,248142
10/07/2025,1.0014166815908836e+07,3098,473,9.980244704045348e+06,3412.2955554986747,30509.816307989986,3067,8,23,2625,89484.61950688131,560.8202815520021,0.011086185483523137,0.4363071194373852,59744,8967,247769
09/07/2025,9.16943779579715e+06,2987,349,9.145634551467486e+06,8366.934170978187,15436.31015868918,2959,6,22,2638,82520.4597528808,533.8770448640014,0.028682017929678238,0.22311290816411394,61808,8119,247296
08/07/2025,1.0791488845546015e+07,3056,451,1.076405794977629e+07,17733.52914472577,9697.366624998558,3026,17,14,2605,97330.08747657549,643.8833664140024,0.06324659861794887,0.14234322643344552,70572,10039,246947
07/07/2025,1.1895094532419607e+07,3040,396,1.1871444499880796e+07,9223.882705605403,14426.149833206007,3006,9,25,2644,106534.38269737943,704.5408302670024,0.03404211796654127,0.2095371810914044,71991,9547,246496
06/07/2025,9.683683487618497e+06,2809,367,9.62285685360544e+06,3645.455425965752,57181.17858709286,2757,6,46,2442,87465.26826652505,578.097603198002,0.013826007128483614,0.7987356422220351,54673,6701,246100
05/07/2025,8.96499041598377e+06,2702,413,8.95139411145643e+06,4734.8842605469745,8861.420266795714,2675,9,18,2289,80750.95779475385,546.536065359002,0.017129421768292196,0.12763800278102969,54111,6209,245733
04/07/2025,6.528281308528558e+06,2644,404,6.456083198570036e+06,6390.584038447841,65807.52592007324,2599,11,34,2240,58409.58591778073,387.6625984980005,0.023671516816940373,0.9551585399631903,44591,5874,245320
03/07/2025,8.296470441075153e+06,2859,495,8.250302109762792e+06,5087.665270665886,41080.666041694916,2820,5,34,2364,74823.72183777053,486.48046456800125,0.017788246978459255,0.5816375980849311,51760,5942,244916
02/07/2025,8.5433175200461e+06,2815,441,8.51927433121279e+06,5297.584426305902,18745.60440700281,2780,15,20,2374,75850.3443457808,501.249362673001,0.018598535094094686,0.2608763743743094,54215,6690,244421
01/07/2025,7.895175892873077e+06,2807,489,7.843678258887997e+06,4851.933880171702,46645.700104907744,2755,9,43,2318,70882.47865344516,471.79404296000115,0.01820204740459351,0.6386235193683291,52166,6515,243980
30/06/2025,8.572104019760996e+06,2742,462,8.551071571158545e+06,1801.2285723638388,19231.220030086475,2693,11,38,2280,75875.83572833294,491.09903248600205,0.006889064374394556,0.27854115847272715,49157,5967,243491
29/06/2025,5.743840313488148e+06,2346,454,5.689414465532784e+06,15073.227199033263,39352.62075632952,2296,12,38,1892,50552.332238944735,330.59622196800086,0.060168905100972725,0.5811198281750664,40065,4370,243029
28/06/2025,6.210905208858432e+06,2330,362,6.114410118174204e+06,2834.3090589524886,93660.78162527605,2266,8,56,1968,55423.32435112733,369.8747706999997,0.010674111814057703,1.3545214438648931,39584,4310,242575
27/06/2025,8.061139243412973e+06,2770,601,8.02278621885877e+06,3954.355782720087,34398.668771485296,2718,10,42,2169,70629.87746064269,494.6089317969996,0.01492339965605381,0.4992369061524948,47491,6581,242213
26/06/2025,6.925787660517083e+06,2554,315,6.848744841376502e+06,7438.896341046754,69603.92279953194,2498,8,48,2239,61008.289547572895,421.2188451009999,0.028703555970829474,0.9921482201502454,49210,6148,241612
25/06/2025,8.220467482056736e+06,2617,361,8.200210984804501e+06,1109.9160224239745,19146.581229811003,2580,7,30,2256,73423.86117118252,505.35848049799984,0.004358469830521505,0.265781789544366,51718,6550,241297
24/06/2025,6.044795380674535e+06,2423,320,5.972493603076061e+06,3851.167330242286,68450.6102682318,2368,8,47,2103,53952.131836176595,368.5525736619997,0.015308887612162498,1.0102580193175537,41034,6032,240936
23/06/2025,5.9039963414654145e+06,2260,275,5.867008936378193e+06,3274.580941546123,33712.824145675775,2215,10,35,1985,52314.43054933939,379.7019834429999,0.013719275889024064,0.5027732235100427,41310,5720,240616
22/06/2025,3.797748251863334e+06,2012,222,3.7765211605465836e+06,6922.619442221196,14304.471874529592,1981,10,21,1790,33565.49766279323,253.1729698500003,0.02873614240626708,0.21161333778942923,34479,5394,240341
21/06/2025,4.574468300064395e+06,1944,169,4.543688904505739e+06,13160.86246561757,17618.53309303789,1901,13,30,1775,39553.16938424533,281.68493313000016,0.05524680523502698,0.2656994846237711,34750,5224,240119
20/06/2025,5.418488995184232e+06,2381,352,5.357909815075788e+06,25858.652938752097,34720.52716969101,2321,20,41,2029,47768.92519681613,327.0956725510004,0.09816521294220758,0.4905174841122595,37978,5189,239950
19/06/2025,6.42969495839585e+06,2418,301,6.370266986397514e+06,6041.276542972186,53386.69545536474,2344,19,55,2117,57127.495678526124,388.9905840280008,0.02240842657274755,0.7479813218104556,40991,5247,239598
18/06/2025,5.823805161062867e+06,2588,460,5.781130607724076e+06,3212.7262782256703,39461.82706056476,2522,12,54,2128,51337.483904388086,347.5647881910004,0.012631878382870599,0.47250775656897237,42617,5717,239297
17/06/2025,5.931592709491017e+06,2399,283,5.903004819328727e+06,8024.99162293084,20562.898539359634,2335,19,45,2116,52793.141965510134,350.6985504050004,0.03019148243146912,0.2848048661712747,44587,6390,238837
16/06/2025,8.787017577005016e+06,2938,482,8.686146395920485e+06,32607.20231262756,68263.97877190339,2863,24,51,2456,78444.58316786635,494.4403788690012,0.11352105639481029,0.9622353204984607,54715,7653,238554
15/06/2025,4.800512542576596e+06,2194,257,4.71505647722167e+06,15445.259823754617,70010.8055311708,2137,10,47,1937,42627.1496724898,280.39093743400014,0.06057382582640744,1.0107907186783276,32434,4951,238072
14/06/2025,4.810287795284433e+06,2561,610,4.760421367159146e+06,6407.273885790405,43459.15423949502,2493,13,55,1951,41984.773510524064,285.4989321210003,0.024336056793074504,0.6384109799429774,34534,5048,237815
13/06/2025,5.263161478519315e+06,2481,282,5.087446223168351e+06,15472.796787000174,160242.45856396668,2358,24,100,2199,47231.58276854877,312.84757090300036,0.0565611771934101,2.277393502771809,37996,6627,237205
12/06/2025,7.261258631213573e+06,2749,353,7.056154173689203e+06,13488.893736517502,191615.56378785247,2620,20,111,2396,65663.35502788985,403.8093969930015,0.046523599736199586,2.7127659556787918,44959,6094,236923
11/06/2025,7.107543063798219e+06,2828,398,6.796624497655442e+06,23354.33531094291,287564.23083183414,2694,23,113,2430,64416.45435632743,372.83075137400033,0.07784951310125525,4.084208017915805,44853,6345,236570
10/06/2025,7.524062093138998e+06,2773,302,7.286966118797952e+06,39314.51672968231,197781.4576113636,2652,26,98,2471,68558.75437135785,412.3487747000009,0.1404521759752144,2.880344108539469,45521,5955,236172
09/06/2025,9.124821450424211e+06,2985,435,9.026731254708217e+06,47146.55023002858,50943.64548596599,2887,34,66,2550,82786.9658162505,525.8253292610015,0.1814476957480377,0.7179273077834467,47115,5859,235870
08/06/2025,4.904634606112163e+06,2267,178,4.7612702891081525e+06,60531.899638209994,82832.41736579995,2157,29,83,2089,44630.55855478129,283.6112432280002,0.321833651518702,1.1965351261711983,35481,4830,235435
07/06/2025,5.326161559458636e+06,2520,265,5.190974172361122e+06,12475.259327169068,122712.127770343,2402,20,98,2255,48079.33711286019,310.6682428690001,0.04737122739285407,1.76899757933301,37761,4396,235257
06/06/2025,7.812449754373888e+06,2838,288,7.228755382527484e+06,17635.91293204977,566058.4589143549,2646,14,178,2550,70894.7656173882,438.4279414140006,0.06878394466242291,8.267553626487821,46075,5441,234992
05/06/2025,9.49212348473238e+06,3217,347,9.28125304292465e+06,37276.352674261754,173594.08913346825,3114,15,88,2870,87056.66169222415,570.2134496260002,0.1431681157905105,2.2921376724531255,60320,6414,234704
04/06/2025,6.798425602300062e+06,3017,414,6.584761740713992e+06,16427.18476631805,197236.67681974967,2915,12,91,2603,61211.06398990324,379.31339424900005,0.060486753201309786,2.7843444002107702,50672,6128,234357
03/06/2025,8.50266254307141e+06,3286,492,8.361609749766569e+06,6948.429485285456,134104.36381955273,3173,17,97,2794,76836.16433062953,473.25243457200094,0.02559399669978082,1.7340612366436157,56661,6777,233943
02/06/2025,7.447120979020764e+06,3088,532,7.368955355633924e+06,13322.436016245363,64843.18737059372,3015,18,55,2556,66829.2029926177,427.6376186490005,0.04953470446338033,0.8628849196321926,56194,6891,233451
01/06/2025,5.83053113132626e+06,2745,451,5.745616553575042e+06,21993.601856840927,62920.97589437896,2689,11,45,2294,52439.64510431396,333.2452952110002,0.0853542887560768,0.8529364046487794,48827,5645,232919
31/05/2025,4.942647007642323e+06,2493,227,4.87860997208186e+06,17494.232510055794,46542.803050408234,2439,10,44,2266,44357.78377660145,280.53537969300055,0.06882484712130817,0.6725988118076353,38494,4413,232468
30/05/2025,6.269450483323759e+06,2828,336,6.190934583148925e+06,14397.423699862586,64118.47647497313,2751,15,62,2492,56254.421031386635,343.4707795200003,0.05155633218847688,0.887551169070133,44364,5301,232241
29/05/2025,8.18957628437972e+06,3274,487,7.936273791603208e+06,26313.895249993468,226988.59752651973,3162,24,88,2787,73687.43731786436,418.6368777380014,0.09400248559781048,3.111613520415966,52446,5886,231905
28/05/2025,9.285403746606125e+06,3381,534,9.12435449336185e+06,36310.311312791026,124738.94193148437,3270,31,80,2847,83511.35934476485,476.51304149800126,0.13239578146840808,1.5729028205864302,54486,6276,231418
27/05/2025,1.0630557173082223e+07,3254,402,1.055178403650968e+07,9612.566128900693,69160.57044364317,3196,14,44,2852,95745.02681300326,537.1215859870015,0.03613945085326424,0.9371835620694166,61537,6849,230884
26/05/2025,1.0282706752419367e+07,3303,411,1.014379167483721e+07,58391.97623634107,80523.10134581008,3232,19,52,2892,92801.46552202202,519.6133695440021,0.20179628223950868,1.1407606093438274,61989,6753,230482
25/05/2025,7.542669042477155e+06,2783,296,7.373197009431199e+06,9075.624332497602,160396.40871345997,2728,14,41,2487,66981.4005107781,384.9441931780008,0.03591529579593064,0.8845631211315509,50472,5877,230071
24/05/2025,7.622363679691577e+06,3008,481,7.569986287181391e+06,12207.14490697992,40170.24760320551,2951,22,36,2527,68864.83692651002,387.6848246750007,0.0455898251284076,0.5661313209980114,46001,5159,229775
23/05/2025,1.200456928103326e+07,3425,448,1.1906361484789506e+07,25277.782392475623,72930.0138512806,3374,21,30,2977,110019.23567617395,602.8534075800022,0.09217945076844923,1.064543198670229,64771,6376,229294
22/05/2025,1.4415219345120773e+07,3916,626,1.4186570317663983e+07,25380.577737912226,203268.44971887695,3815,22,80,3290,130761.88876047744,722.5358700580023,0.09357723257442425,2.9588658217320245,74813,7202,228846
21/05/2025,1.3919875757212725e+07,3986,805,1.3754252723948708e+07,3551.6853075365007,162071.3479564768,3922,9,55,3181,125753.91114697978,730.8937662860006,0.014106805818802439,1.90080685299518,70213,6759,228220
20/05/2025,1.4026966242170528e+07,4047,819,1.3915116155194424e+07,1234.9175795077513,110615.16939659379,3985,7,55,3228,127281.37818640776,753.4850486630032,0.004950989037492802,1.619482679237288,75920,6494,227415
19/05/2025,1.129390647616942e+07,3589,526,1.121872803705558e+07,28365.334119805662,46813.10499403486,3522,24,45,3063,101516.73980742591,610.9260431850009,0.10806808117268348,0.6096517744302318,65114,6166,226596
18/05/2025,1.1426952009984972e+07,3547,615,1.1407248832296517e+07,1582.965932787502,18120.21175566712,3499,12,36,2932,103485.86214541529,606.1305692150005,0.005670459801478995,0.21220330265114992,57894,5757,226070
17/05/2025,1.1721224271063399e+07,3454,533,1.1667095906017415e+07,2875.9817365143595,51252.38330946841,3395,15,45,2921,105794.94823698477,631.0198205240033,0.010976665206423337,0.6897535337773311,62884,5453,225455
16/05/2025,1.4129682339078628e+07,3886,705,1.3629276076124515e+07,25964.57071171143,474441.6922423995,3808,20,60,3181,127613.30577827038,716.4715049930021,0.09111423500003465,7.058625575161401,68227,5424,224922
15/05/2025,2.113886507479107e+07,4282,675,2.0991839173331827e+07,43390.00156543633,103635.89989380968,4211,17,58,3607,191229.74820185013,1099.7307548320057,0.16301040272788145,1.4434900524999947,79865,5535,224217
14/05/2025,2.6955875567543793e+07,4434,668,2.685658629513213e+07,54464.67781042324,44824.59460124013,4325,44,68,3766,243699.18154202335,1358.2815146840035,0.19373666681074006,0.6186924854456416,91926,5497,223542
13/05/2025,2.754687294983641e+07,4378,579,2.737279456643647e+07,14309.046432369832,159769.33696756995,4274,16,88,3799,247663.76536561237,1395.7969369700033,0.04799286621001293,2.3619864891521805,96744,5470,222874
12/05/2025,1.4112234215780292e+07,3875,533,1.3692793068045955e+07,31303.3731248487,388137.7746094861,3736,27,113,3342,127162.76503125273,705.7613341640013,0.1224886659408648,5.585527083533067,70258,5502,222295
11/05/2025,8.687297170033596e+06,3333,439,8.377144677139784e+06,11792.55776756951,298359.93512624246,3200,25,110,2894,78176.48441439106,434.2557765190005,0.04390996557326622,4.207686311583546,52317,5110,221762
10/05/2025,9.418547362771131e+06,3515,576,8.888014892240247e+06,21237.38007469973,509295.0904561827,3328,27,161,2939,86080.75627130875,471.7587708670002,0.08440562853173743,7.079413304611671,54189,5433,221323
09/05/2025,1.1013972632822314e+07,3892,771,1.0730586129195169e+07,21648.239892374007,261738.26373477312,3761,16,117,3121,100445.05277915418,578.0291701240025,0.08914028908464104,4.038023323115908,69991,7635,220747
08/05/2025,1.5740658139024911e+07,4178,731,1.5579425359646082e+07,27431.602178936362,133801.17719990454,4082,14,82,3447,142897.30541228413,899.9641964510042,0.11819367735216557,2.0979207940676905,87328,8426,219976
07/05/2025,1.091094751815976e+07,3844,666,1.0819045250828063e+07,15328.70522490127,76573.56210679449,3774,22,48,3178,99031.46505834165,667.9416877050006,0.08601404380040245,1.2290974263409753,73017,7434,219245
06/05/2025,1.3286481940813912e+07,3832,574,1.3152110089814598e+07,25050.372131663313,109321.47886764864,3727,21,84,3258,120274.47776071656,825.3322934420023,0.12957714848477767,1.7274487300338943,77291,6662,218579
05/05/2025,7.485739639565622e+06,2973,444,7.425262206899009e+06,9954.97218608674,50522.46048052442,2900,18,55,2529,67703.9021129219,460.6466985170007,0.05017956593256247,0.80264862168177,50324,6232,218005
04/05/2025,4.744550631784913e+06,2601,363,4.702156826087245e+06,6363.69248836432,36030.11320930468,2541,9,51,2238,42674.99425175477,288.58800787600046,0.03471449161678104,0.5899621651597963,37118,5701,217561
03/05/2025,5.903819677203886e+06,2947,496,5.871738728746681e+06,8214.274195958658,23866.67426124775,2917,9,21,2451,53374.464600357154,358.8106756220001,0.04533049730230463,0.39058998792591443,41240,5678,217198
02/05/2025,7.63990048071293e+06,3210,571,7.618676579726194e+06,18410.51607920471,2813.3849075303174,3180,13,17,2639,69261.96123509643,460.69909612900096,0.09244770756035846,0.043309598574780374,53509,6518,216702
01/05/2025,1.5052333707507668e+07,3844,613,1.5024203382234192e+07,18942.154051938054,9188.171221538072,3796,22,26,3231,136908.212313202,903.4288445500024,0.0981457618200706,0.14578700415403373,66552,6777,216131
30/04/2025,7.726343221140005e+06,3195,453,7.670367498249278e+06,18466.869616034182,37508.853274693385,3149,15,31,2742,70169.43694822557,478.194058858002,0.09658950858807093,0.5707914314905879,54696,6688,215518
29/04/2025,1.0803469915294336e+07,3393,474,1.0756208946126504e+07,34371.49914335526,12889.47002447434,3346,26,21,2919,97976.79287846475,658.1954800650021,0.18043123568287353,0.21011424209214566,64299,7195,215065
28/04/2025,9.322917796231907e+06,3250,470,9.2165067838463e+06,40209.569991712815,66201.44239389092,3163,41,46,2780,84547.45066704915,564.9441921660003,0.20571113376371442,1.0270052979132498,61780,6884,214591
27/04/2025,7.329568868333535e+06,2675,349,7.298414638417192e+06,25397.534196666216,5756.695719677783,2631,26,18,2326,66144.19556563272,442.5216631070011,0.12733739200029734,0.09148819702612167,47981,5784,214121
26/04/2025,7.426949522974859e+06,2834,364,7.350323984280709e+06,41279.75155244243,35345.78714170775,2758,32,44,2470,67408.7812981077,444.7481611870004,0.21405612061303647,0.5702198643548255,46448,6031,213772
25/04/2025,1.0485240665780481e+07,3385,623,1.0290521905160489e+07,69442.7600762396,125276.00054375266,3287,43,55,2762,95877.60356548362,618.0455906050008,0.364728157249436,1.967205075207331,57226,6753,213408
24/04/2025,8.084732102266264e+06,4475,1746,7.966036099579946e+06,37536.30640487663,81159.69628144255,4404,31,40,2729,72797.80290576034,477.7034033020014,0.2807723142057103,1.2030415122381604,59786,6444,212785
23/04/2025,1.3488328642178662e+07,6303,1561,1.3354790232426295e+07,57919.53897309252,75618.87077927653,6200,50,53,4742,115952.30000077761,760.5288126130043,0.30346354605051234,1.1528915047367105,89842,8409,211039
22/04/2025,1.162601802528345e+07,5350,849,1.1459580283958115e+07,99868.37381916404,66569.36750616589,5235,62,53,4501,102517.50753472526,704.3494351180036,0.55096385975145,1.0572354641348494,84963,9500,209478
21/04/2025,1.1278597969076034e+07,5847,1846,1.1197585976171218e+07,47972.425573238295,33039.567331578095,5776,45,26,4001,101654.63500467506,729.517713035003,0.27755274544141584,0.4944588676500931,91256,9108,208629
20/04/2025,7.940948391553324e+06,6271,2582,7.779401064017521e+06,85562.37707977438,75984.95045602904,6165,54,52,3689,68532.5185576967,484.79472539600135,0.4974683496595935,1.1900469838849423,69337,6309,206783
19/04/2025,8.462583713448646e+06,4687,1590,8.297896345131876e+06,138592.79578732845,26094.572529439643,4591,61,35,3097,76250.77601787483,539.0029167530013,0.7970572452617819,0.4215707378072163,66784,6854,204201
18/04/2025,1.0167505722137474e+07,6237,1586,9.867520993654307e+06,221926.35737082778,78058.37111233475,6091,97,49,4651,84944.50851327521,612.090692328001,1.2955302536132811,1.2565058751809446,81295,7977,202611
17/04/2025,1.260862979565208e+07,5765,2151,1.2322288234327734e+07,153693.06072374122,132648.500600606,5577,85,104,3614,113167.23316339539,829.1840077880053,0.9259583647546219,2.1007165446086518,99061,10569,201025
16/04/2025,1.4714270320762282e+07,6718,1947,1.4241725082084075e+07,264522.6857325595,208022.55294564556,6484,96,138,4771,129254.42730154913,972.0593312970029,1.5832873653018897,3.4080151192051615,109271,10021,198874
15/04/2025,1.4719521558164444e+07,8842,4554,1.4451932803831263e+07,29476.094784975532,238112.65954820704,8652,39,152,4288,131182.86298045702,990.2331976850049,0.1688148433757045,3.791215252750131,118250,10093,196927
14/04/2025,1.3457737928597119e+07,7001,3460,1.3228112029909687e+07,12287.612085803381,217338.28660163298,6840,21,140,3541,120953.9615422462,905.3920356200039,0.07199014126961471,3.377387577141429,108541,8806,192373
13/04/2025,1.0105732511793846e+07,9029,4746,9.979416294128127e+06,34358.03684087004,91958.18082484682,8928,23,78,4283,88284.09086401986,671.120036907004,0.2069254317417148,1.4320770964072573,101823,7575,188913
12/04/2025,1.1362229638865586e+07,7801,3876,1.118776710838623e+07,18770.71304415967,155691.8174352016,7686,29,86,3925,101233.68808539119,777.8695505710033,0.10897612880454387,2.564190655932128,107581,8312,184167
11/04/2025,9.553589889511937e+06,6826,3200,9.442965252566323e+06,35004.13663388535,75620.50031172998,6701,33,92,3626,86244.92732221956,716.5406625500033,0.2191205905824402,1.2181021160537684,94911,8215,180291
10/04/2025,1.004450372851897e+07,7139,3081,9.906397935988402e+06,75960.17104069388,62145.62148987515,7008,43,88,4058,89455.21710533543,777.335335229003,0.46176045590483095,1.0155575419989784,98530,8086,177091
09/04/2025,7.38999633681432e+06,8064,5168,7.29699097997691e+06,58432.22525302351,34573.13158438489,7950,51,63,2896,65789.62392151426,582.8950370960032,0.3553345904744066,0.5371423440006236,79797,8304,174010
08/04/2025,5.840500683164266e+06,9400,6806,5.676764109665769e+06,77810.7325932832,85925.84090521108,9230,61,109,2594,51400.9368823183,462.28820381700234,0.47377125248300006,1.4129697823036949,75628,6410,168842
07/04/2025,4.592841348656746e+06,6609,4324,4.418523369519358e+06,41545.247920614114,132772.7312167735,6465,37,107,2285,41497.21930608806,377.4307387220011,0.24869671257520543,2.3317574514582198,60214,5282,162036
06/04/2025,3.7883530792153203e+06,5692,3692,3.6203409319846355e+06,23156.858789562993,144855.28844112056,5548,23,121,2000,34397.232519056546,285.19745368400055,0.12168704863514518,2.366758874793468,54572,5224,157712
05/04/2025,4.344815446325846e+06,4128,2077,4.1694415826711105e+06,23883.08007170574,151490.7835830287,3951,34,143,2051,40128.547116442605,321.54499723400124,0.1255031508471053,2.377471396842758,58470,5770,154020
04/04/2025,4.646819834482995e+06,3837,1666,4.440907109266146e+06,46473.99215823003,159438.73305862086,3626,55,156,2171,42740.5320730333,342.21877337800066,0.23273247817395412,2.5238681247318198,52454,5926,151943
03/04/2025,4.719095263691092e+06,3434,1241,4.352131494217843e+06,58821.93211741251,308141.83735583874,3158,45,231,2193,43512.03579700915,343.1351401490003,0.29308699111778397,4.963312591639495,50772,5336,150277
02/04/2025,6.570075331637929e+06,5164,2636,5.99396619913928e+06,119381.7092257828,456727.4232728677,4806,57,302,2528,60502.82908815448,434.31622883300093,0.6004929300559873,7.158165099094025,63501,7639,149036
01/04/2025,6.935739994045904e+06,7922,5246,6.354345037933769e+06,59928.134548924834,521466.82156320754,7535,50,338,2676,63718.417952099335,459.3085860440007,0.2989384580175656,7.929951155014724,77816,7666,146400
31/03/2025,6.451701095553369e+06,6722,4151,5.499808309553353e+06,226267.01201371715,725625.7739862992,6267,63,394,2571,59494.9041199725,402.57568726600124,1.1476873307080588,11.334237431267063,65955,6371,141154
30/03/2025,4.925079574763968e+06,7300,4995,3.910239564720148e+06,150825.17934603902,864014.830697782,6804,82,415,2305,45175.90647539875,285.3589388380013,0.7489211021915092,13.20841127454507,71101,5706,137003
29/03/2025,5.818771554487946e+06,7756,5317,4.846409631340069e+06,123550.05475492659,848811.8683929504,7280,78,398,2439,52876.01297263938,349.3165623940011,0.6072852868598482,12.345142051965444,68224,6437,132008
28/03/2025,6.113202708431657e+06,5116,2546,5.451750562174006e+06,120040.37854278165,541411.7677148675,4691,46,380,2570,56479.18438591071,382.5088848540005,0.5992395939805846,8.026638201130387,62711,6926,126691
27/03/2025,6.457180644640152e+06,5238,2572,5.061328483246759e+06,122604.44677207156,1.273247714621324e+06,4607,65,569,2666,59194.64920979737,331.6801017880016,0.5679479521018644,18.952035327933103,64441,6511,124145
26/03/2025,7.7980828264765395e+06,5392,2534,7.008947915914781e+06,140487.50783911947,648647.4027226374,4885,76,433,2858,71147.48856543573,450.97427449100195,0.6594528328632427,10.05991410045081,68910,6789,121573
25/03/2025,7.0586600696562175e+06,5887,3055,5.912772787694176e+06,120048.01393908453,1.0258392680229582e+06,5236,43,611,2832,64634.656961019136,375.7335563390001,0.5675235255340928,15.12936364821187,69024,7209,119039
24/03/2025,8.2639209042679025e+06,5544,2577,6.5760451974774385e+06,137778.15231297052,1.5500975544774986e+06,4710,75,767,2967,75852.24958820862,428.0122577670012,0.6124466397854637,22.861471220713696,72658,8085,115984
23/03/2025,4.522377183883129e+06,5289,3034,3.0012470151655693e+06,112661.03770738737,1.4084691310101724e+06,4506,49,735,2255,41378.698537904515,208.47297151300057,0.4908827059172112,20.77476469340814,50071,5066,113407
22/03/2025,3.2064318665372934e+06,3792,2002,2.106509068156387e+06,38638.9147273799,1.0612838836535253e+06,3006,35,752,1790,29226.18915211059,147.49208203900037,0.1863877377368344,15.520565445157525,39938,4483,110373
21/03/2025,3.103318930457688e+06,4226,2316,2.048330826450861e+06,94987.76879382838,960000.335213,3589,57,581,1910,28252.367923263777,144.3789123950002,0.4678820224330096,14.033431059354234,37183,4389,108371
20/03/2025,6.257556732900602e+06,4989,1643,5.870107883630362e+06,120411.91619989078,267036.9330703501,4782,72,135,3346,53367.494279878025,379.2697730330002,0.5636711232188638,4.075436970632433,57948,5732,106055
19/03/2025,7.175059314820146e+06,3942,1040,6.728281212716577e+06,118157.94919374584,328620.1529098238,3707,75,161,2902,64198.83278021735,459.7192608540009,0.5744110783907672,5.089849419527636,66176,6457,104412
18/03/2025,6.418681794620971e+06,4951,1725,5.816750874149233e+06,222036.4937821202,379894.42668961536,4689,107,160,3226,56884.38613605657,410.7123292850008,1.1152736977620317,5.740711221491839,61248,5804,103372
17/03/2025,8.220666440543682e+06,4201,1247,7.568200035239644e+06,272024.81376235216,380441.59154168726,3967,116,121,2954,72024.00359362834,512.2154349010012,1.3347689487997891,5.7350358393242775,78629,7479,101647
16/03/2025,5.931977491043901e+06,4370,1818,5.575350570947441e+06,233038.97118611544,123587.94891034282,4236,74,60,2552,52904.011071988425,379.4651263170008,1.146268224964018,1.9581728175561677,65547,6381,100400
15/03/2025,7.938809565514746e+06,4554,1554,7.5963507261303365e+06,236546.35201228686,105912.48737212043,4425,93,38,3000,70757.4636117369,501.27768580100025,1.1238751340409956,1.7332163694483547,71856,6933,98582
14/03/2025,6.597067108898471e+06,4083,1238,6.237074537667668e+06,334812.81640855473,25179.75482224917,3964,102,17,2845,59069.901807280716,431.02283687500056,1.635083857167922,0.4293596577769495,65743,7474,97028
13/03/2025,7.715148249430975e+06,3594,726,7.555535458988758e+06,147545.58947256985,12067.200969648513,3520,64,10,2868,68866.4931074096,541.6655342959996,0.7425754174834536,0.20162694402791925,75581,7724,95790
12/03/2025,8.412506670182727e+06,3958,892,7.953036475933905e+06,451832.3831988826,7637.811049939932,3853,104,1,3066,74570.02435451547,561.3585906430002,2.259161834654182,0.13786911406234645,80419,8320,95064
11/03/2025,7.013761158935212e+06,3511,717,6.777145894755139e+06,232346.19315371735,4269.071026354909,3430,75,6,2794,63350.22871764703,491.61723675299993,1.1670716806525219,0.07015368450389255,68457,7766,94172
10/03/2025,6.7757535390138095e+06,3350,691,6.660706065130922e+06,113927.361710463,1120.1121724254263,3282,67,2,2659,61081.83935830562,482.11919777899965,0.529861087565017,0.02000177415119059,70279,7311,93455
09/03/2025,6.731785844251373e+06,3841,1219,6.6278878053618455e+06,97872.95827505861,6025.080614468309,3792,44,5,2622,59022.188880653106,433.5387504960003,0.4258067596100393,0.10826612782625882,65974,6017,92764
08/03/2025,1.083157370406423e+07,3374,514,8.420475902029218e+06,2.3810079344699387e+06,30089.867565068256,3276,90,8,2860,97548.62491914575,548.4038915630008,9.933821752253007,0.4955828896137807,70830,6714,91545
07/03/2025,1.240502801437248e+07,3786,442,1.2331238172473652e+07,66850.24326257955,6939.598636247674,3752,30,4,3344,110319.93223238688,763.018786673001,0.2856004392206703,0.10971426615819624,90172,8284,91031
06/03/2025,8.883877620728293e+06,3628,523,8.774809412973134e+06,52987.941015467135,56080.2667396933,3591,27,11,3105,78773.16819244235,529.5318887749995,0.22443685753536324,0.936117818515471,71904,7068,90589
05/03/2025,9.359155198947014e+06,3946,833,9.267641769843051e+06,75250.88570149781,16262.543402466681,3909,31,6,3113,82753.33770062019,567.6606561400021,0.3284594402313633,0.27624539111713287,70659,6142,90066
04/03/2025,6.564280721046467e+06,3231,431,6.541072934203132e+06,18577.605391669582,4630.181451665864,3193,24,14,2800,56647.09456915267,402.8118269049999,0.08262202441869405,0.0814474044439385,52044,5130,89233
03/03/2025,7.739765445079582e+06,3831,785,7.53018943653043e+06,21338.195898402333,188237.8126507487,3771,18,42,3046,69761.53903188754,431.7758301690011,0.08335020932635245,2.8504436968022304,54681,5768,88802
02/03/2025,7.265985441258484e+06,3521,744,6.903040207885146e+06,37528.11489953003,325417.1184738084,3373,29,119,2777,64551.98071887955,376.6977710690002,0.14738005030747056,4.892130652560136,55034,6993,88017
01/03/2025,3.332786370469736e+06,2492,336,3.242101263394156e+06,57451.34217685528,33233.76489872471,2449,30,13,2156,29238.71265113771,198.60741143699997,0.24369672164537812,0.5505862934407354,32794,4517,87273
28/02/2025,4.866683127407264e+06,3264,768,4.75020988866226e+06,64135.64934239277,52337.58940261039,3208,27,29,2496,42697.21283803552,295.9896613710004,0.278765110012887,0.858591474176982,47006,5259,86937
27/02/2025,6.633616390327774e+06,3228,408,6.569921783019848e+06,51612.9467164653,12081.660591461115,3168,36,24,2820,59067.25822713573,423.14187473000146,0.2101542987827583,0.19601868584840895,60112,6568,86169
26/02/2025,5.67290965639503e+06,3289,392,5.567785032493091e+06,53802.264612856015,51322.359289083346,3236,31,22,2897,51231.16148910585,362.2118113450009,0.21267244260247803,0.833481208436997,51510,6264,85761
25/02/2025,6.08004478343198e+06,3461,461,5.963589881859234e+06,108448.74973690866,8006.151835835825,3398,33,30,3000,54533.30566870236,377.252721803,0.43061820532392925,0.12740391417976388,51699,6093,85369
24/02/2025,9.031536829672977e+06,3652,486,8.857599447488932e+06,157930.07413373142,16007.308050313615,3572,44,36,3166,78272.94522985144,487.9809300890006,0.5344975244337378,0.24950195200776193,60628,7025,84908
23/02/2025,9.465908063785031e+06,3753,552,9.358977645407645e+06,103138.77427826874,3791.6440991158547,3703,15,35,3201,82229.71011285737,479.6510867000003,0.32251370012433406,0.053583505444824014,57384,5585,84422
22/02/2025,9.480542102828417e+06,3640,518,9.347882988649923e+06,49386.974580376955,83272.13959812059,3552,33,55,3122,81850.5442178297,467.4950261250005,0.1693792531828853,1.2014716571511719,58334,5418,83870
21/02/2025,1.1450812482194563e+07,4183,531,1.1174092101057043e+07,264387.3589936732,12333.022143852395,4098,65,20,3652,102294.57537297322,574.8876114730002,0.9227226209507534,0.18530428634618998,75294,7446,83352
20/02/2025,1.4256342497791465e+07,4295,573,1.414880765239008e+07,88039.47743665816,19495.367964730915,4224,45,26,3722,125126.81461237605,717.1713396420005,0.26336467114412715,0.27539221044185097,76259,7290,82821
19/02/2025,1.4033098148826689e+07,4564,613,1.3880189935046908e+07,89256.3792324628,63651.834547318846,4508,22,34,3951,126328.83270413964,739.9195166300002,0.1960563233716686,0.9192200560605609,74140,7177,82248
18/02/2025,1.4181769684911927e+07,4353,567,1.3970910063874641e+07,155984.22140848057,54875.39962880491,4286,28,39,3786,127087.74879285212,742.5141432440025,0.27022116023100007,0.7980929055436401,70044,6703,81635
17/02/2025,1.3478070154082041e+07,4291,586,1.3468488633733405e+07,9457.315867384576,124.20448125293863,4283,6,2,3705,122154.80956027341,669.3395665600008,0.024651990099,0.001844650642201877,79238,7796,81068
16/02/2025,1.3487148483087821e+07,4039,527,1.342753011635291e+07,5583.5099455629115,54034.856789346944,4008,3,28,3512,120463.9057086655,625.2460920500008,0.007,0.7753985612973082,73287,7879,80482
15/02/2025,1.7447496647417024e+07,4270,628,1.7363369921202693e+07,15974.676683367388,68152.0495309653,4231,5,34,3642,153211.05781154998,778.0969305610012,0.018009999999999998,0.9613261286496906,74195,7038,79955
14/02/2025,3.074615540809912e+07,5405,898,3.0446922752517886e+07,3828.6151233108444,295404.04045791633,5331,3,71,4507,266342.0425961265,1323.104492395004,0.000600218443037,4.035682080331072,96468,8941,79327
13/02/2025,2.6337144345367447e+07,5722,1178,2.4933777105863363e+07,16254.706978072774,1.3871125325260076e+06,5578,8,136,4544,232545.42900600904,1131.3585961310075,0.041006833155979396,18.655507160005545,97704,9092,78429
12/02/2025,3.305157503669448e+07,6152,1209,3.303322955948771e+07,18345.477206766434,0,6145,7,0,4943,290473.78525491897,1485.4076757400048,0.03115,0,120914,10070,77251
11/02/2025,4.017690836357438e+07,6349,1330,4.014967894118413e+07,27229.42239024692,0,6333,16,0,5019,353132.39041000383,1764.1828622730118,0.04458000000000001,0,140241,9236,76042
10/02/2025,5.144634667762592e+07,6444,1288,5.131197736001439e+07,134369.3176115396,0,6425,19,0,5156,438086.57097515493,2162.1874785540085,0.24469650000000004,0,137561,8741,74712
09/02/2025,3.869923359669773e+07,5605,876,3.8689037332194515e+07,10196.26450321983,0,5593,12,0,4729,343304.6878999898,1704.1807153970112,0.02223511,0,115243,8205,73424
08/02/2025,1.9248782088083114e+07,4872,811,1.9230817930189054e+07,17964.157894059284,0,4858,14,0,4061,169591.83041815824,865.550869533003,0.020401899999999997,0,87906,7236,72548
07/02/2025,2.560560797391862e+07,5629,988,2.5524384452372845e+07,81223.52154576966,0,5609,20,0,4641,221949.64654110698,1138.2263888150017,0.15132933646599997,0,105961,8368,71737
06/02/2025,2.1940336339694664e+07,5698,1007,2.187165491659284e+07,68681.42310182787,0,5671,27,0,4691,190381.73533666195,968.738831668001,0.11210893543348345,0,98378,8339,70749
05/02/2025,3.513919819338251e+07,6626,1317,3.511925475427744e+07,19943.43910506646,0,6609,17,0,5309,303652.3926168248,1496.392827421005,0.037936829299124494,0,130090,11065,69742
04/02/2025,3.557161496757581e+07,6290,1238,3.556325185890189e+07,8363.108673925319,0,6279,11,0,5052,311535.10357380303,1472.9649009300022,0.015590999999999992,0,128211,13316,68425
03/02/2025,2.627387222481981e+07,5445,927,2.6221645783768676e+07,52226.44105113549,0,5425,20,0,4518,234662.87241022752,1137.2516315430034,0.09846300000000002,0,118802,15082,67187
02/02/2025,1.9369306862819597e+07,4827,676,1.9363544936905008e+07,5761.925914589787,0,4819,8,0,4151,169103.11643861362,811.9827603650039,0.010201,0,88157,8549,66260
01/02/2025,3.9277376242067575e+07,6364,1325,3.926802706207176e+07,9349.17999580689,0,6349,15,0,5039,338775.6362396633,1494.8402519820008,0.008162031748840544,0,136498,10354,65584
31/01/2025,6.527864616654577e+07,8106,2196,6.526072503557538e+07,17921.130970399718,0,8087,19,0,5910,564553.398611492,2396.4162470190204,0.038199213,0,190427,15100,64259
30/01/2025,1.0979859369350477e+08,8060,1993,1.0967566471325217e+08,122928.98025260086,0,8032,28,0,6067,945155.9422535589,3961.038110674015,0.12668043564,0,218193,12896,62063
29/01/2025,5.3220776883359425e+07,6837,1635,5.312252921293655e+07,98247.6704228669,0,6813,24,0,5202,463968.64504046144,2008.171457794013,0.13850722404578367,0,152428,11952,60070
28/01/2025,5.705216777008951e+07,7025,1901,5.693277133391851e+07,119396.43617100897,0,6990,35,0,5124,495141.32387350197,2110.5151775610093,0.21252500000000007,0,163463,11519,58435
27/01/2025,5.844052503110097e+07,6673,1443,5.808609428728009e+07,354430.7438208995,0,6638,35,0,5230,513687.472610637,2201.197201569013,0.5614265944772001,0,160404,10912,56534
26/01/2025,6.077496532770455e+07,6148,1176,6.075408864355743e+07,20876.684147119915,0,6137,11,0,4972,528840.4933299206,2073.336067271004,0.03964,0,153557,11172,55091
25/01/2025,5.752655524226771e+07,6195,1320,5.7500626823632635e+07,25928.418635070528,0,6184,11,0,4875,502031.9677446725,1976.4275520130068,0.06533632111789817,0,140645,10202,53915
24/01/2025,7.678336568125366e+07,7055,1725,7.674297646964103e+07,40389.21161262546,0,7028,27,0,5330,671450.9653084377,2599.0826891890106,0.05042648527609049,0,159932,11499,52595
23/01/2025,9.247872877178247e+07,7003,1706,9.245897632544719e+07,19752.446335284025,0,6997,6,0,5297,806077.6489814685,3214.793026554013,0.034069999999999996,0,175943,12410,50870
22/01/2025,5.09093752382707e+07,6230,1575,5.088201478327314e+07,27360.454997568053,0,6225,5,0,4655,445789.1072934199,1728.1010029710155,0.05922199999999999,0,125386,10926,49164
21/01/2025,6.2810925561594345e+07,6018,1417,6.281085476364762e+07,70.79794672817879,0,6017,1,0,4601,546310.1220118628,2241.1959851500037,0.0001,0,130660,10180,47589
20/01/2025,7.026313808528763e+07,6447,1540,7.026310301080936e+07,35.07447826588182,0,6446,1,0,4907,605352.0668505464,2417.420187492011,0,0,138064,11760,46172
19/01/2025,6.03468980733405e+07,6421,1656,6.034627544857364e+07,622.6247668602073,0,6420,1,0,4765,513891.186968782,1914.927013884006,0.0009,0,117849,10668,44632
18/01/2025,4.563804652953437e+07,5785,1493,4.563546744455811e+07,2579.084976257696,0,5779,6,0,4292,401395.9979773169,1682.3928861390073,0.00345,0,94311,8807,42976
17/01/2025,2.8447622469789065e+07,4936,1201,2.8446655295293435e+07,967.1744956304044,0,4932,4,0,3735,245068.99873077948,1131.661076160004,0.001559,0,86286,8689,41483
16/01/2025,2.640451238640981e+07,4911,1078,2.640437612963081e+07,136.2567790003533,0,4908,3,0,3833,230109.63619031705,1104.442334780003,0.00024,0,93927,10536,40282
15/01/2025,2.3047061251950897e+07,4972,1210,2.303690608155426e+07,10155.170396633419,0,4969,3,0,3762,199890.94747843576,1020.1677528110013,0.01837,0,88488,9341,39204
14/01/2025,2.3726119405298155e+07,5118,1455,2.3725285188047074e+07,834.2172510841885,0,5116,2,0,3663,209284.64072891918,1123.9467290370067,0.002394,0,105828,11450,37994
13/01/2025,1.7432726072868843e+07,4303,907,1.7431698845508385e+07,1027.227360457871,0,4302,1,0,3396,154716.07990148696,852.3747590540017,0.0001,0,75968,8531,36539
12/01/2025,2.378840383302308e+07,4419,946,2.3788385008059535e+07,18.824963542285765,0,4417,2,0,3473,210105.82225060998,1115.387584165006,5.08e-05,0,98406,9691,35632
11/01/2025,2.2643436461469796e+07,4634,1236,2.2642482066984493e+07,954.3944853006989,0,4630,4,0,3398,193029.91810898058,1029.1255424280037,0.0011340010000000001,0,93127,11159,34686
10/01/2025,2.236103683985882e+07,4671,1206,2.235996477970316e+07,1072.0601556608683,0,4670,1,0,3465,193142.98572185906,1023.654903047001,0,0,95252,14998,33450
09/01/2025,2.475075400161322e+07,4519,1124,2.47500306396371e+07,723.3619761171494,0,4517,2,0,3395,220617.98511505124,1155.5271093330016,0.000253,0,101582,9912,32244
08/01/2025,2.6053954642706603e+07,4761,1330,2.605390127893669e+07,53.363769912940654,0,4760,1,0,3431,230313.94342233057,1171.2479075230015,1.2000000000000002e-05,0,98295,9785,31120
07/01/2025,2.67518071332308e+07,4483,1081,2.675156817804541e+07,238.9551853896548,0,4482,1,0,3402,230629.65501256188,1097.666217491006,-0.06504824276753036,0,95189,10269,29790
06/01/2025,2.593388345266989e+07,4332,1101,2.593094803478723e+07,2935.417882653619,0,4330,2,0,3231,224645.99163615494,1046.1878714920053,-0.7966602766933794,0,102414,10658,28709
05/01/2025,2.771073053601603e+07,4095,933,2.7709820616619293e+07,909.9193967355823,0,4094,1,0,3162,246563.4739328229,1155.6100314070034,-0.2506660685716455,0,85698,9732,27608
04/01/2025,2.149318744120086e+07,3851,900,2.1492674648723394e+07,512.7924774656759,0,3850,1,0,2951,188090.6138482217,871.9411420270004,-0.14088247822964792,0,92484,10069,26675
03/01/2025,3.1022345152602203e+07,3852,828,3.1020462734147497e+07,1882.4184547076843,0,3851,1,0,3024,274034.1536417052,1288.142661236003,-0.5358925781059156,0,103226,11952,25775
02/01/2025,2.045969970432579e+07,3289,552,2.0457691163456388e+07,2008.5408694002263,0,3287,2,0,2737,179043.20774569392,882.7102627870014,-0.5848049181482471,0,82278,9156,24947
01/01/2025,1.4491435932429034e+07,2632,408,1.4490276470793605e+07,1159.4616354298305,0,2631,1,0,2224,127638.63906643148,672.6226615790004,-0.3470816609417318,0,63560,7648,24395
31/12/2024,1.1722558410887972e+07,2462,288,1.1718286418911168e+07,4271.991976803931,0,2461,1,0,2174,99523.07571965891,540.6164011290011,-1.2660132566218152,0,48701,6731,23987
30/12/2024,1.1541589365351062e+07,2586,338,1.1536510682352472e+07,5078.682998591232,0,2585,1,0,2248,99398.79309442469,545.6562491330011,-1.5055608624708094,0,50384,5707,23699
29/12/2024,1.2438851901385471e+07,2613,356,1.2438848505794462e+07,3.39559101,0,2612,1,0,2257,111317.50809021418,575.4338775780011,-0.000999,0,51910,5429,23361
28/12/2024,1.0424067019377023e+07,2620,463,1.0424067019377023e+07,0,0,2620,0,0,2157,93590.25513914954,494.3843912160007,0,0,51818,5253,23005
27/12/2024,1.1862477621171787e+07,2673,397,1.1862474305031247e+07,3.3161405400000006,0,2672,1,0,2276,105239.4025026223,561.1153960380004,-0.000999,0,57322,5758,22542
26/12/2024,1.409081204371707e+07,2739,338,1.4090807973230096e+07,4.0704869726970045,0,2737,2,0,2401,121239.56731345964,634.1425733910027,-0.001215416308000545,0,60896,5710,22145
25/12/2024,7.859529071426005e+06,2161,235,7.859529071426005e+06,0,0,2161,0,0,1926,70127.26014576436,353.7814356619999,0,0,36043,4194,21807
24/12/2024,8.322085323429972e+06,2371,297,8.322085323429972e+06,0,0,2371,0,0,2074,72666.149826418,376.5032097870002,0,0,44948,5711,21572
23/12/2024,1.0222879395742178e+07,2604,376,1.0222707107617883e+07,172.28812429385218,0,2603,1,0,2228,88402.29875906529,477.6135543020013,-0.05186914827269426,0,56881,5920,21275
22/12/2024,1.0248914464910233e+07,2400,340,1.0248914464910233e+07,0,0,2400,0,0,2060,88021.34466127014,483.51423722300007,0,0,52063,5796,20899
21/12/2024,1.324833351028835e+07,2468,337,1.324833351028835e+07,0,0,2468,0,0,2131,114464.7510434749,604.7022964860017,0,0,54043,5688,20559
20/12/2024,1.5419133875392247e+07,2771,456,1.5419133875392247e+07,0,0,2771,0,0,2315,135957.2839781119,708.722866724002,0,0,55842,5717,20222
19/12/2024,1.3862495356550056e+07,2698,421,1.3861888619310286e+07,606.7372397704428,0,2695,3,0,2277,119732.07046086816,593.3037092400011,-0.17626757987801783,0,52469,6258,19766
18/12/2024,1.457495017133642e+07,2789,450,1.4574935502742963e+07,14.668593457023318,0,2787,2,0,2339,126247.92769450278,586.0880846379998,-0.003770677442894368,0,51788,5647,19345
17/12/2024,1.1108159418709029e+07,2791,475,1.110813490790032e+07,24.510808709015556,0,2788,3,0,2316,96673.33847590229,436.0574491679997,-0.008704337199427689,0,43251,5273,18895
16/12/2024,1.160990837967073e+07,2541,368,1.160990837967073e+07,0,0,2541,0,0,2173,100108.23190597669,455.9936109079998,0,0,49312,5853,18420
15/12/2024,9.11189163820353e+06,2134,269,9.11187242959983e+06,19.208603699999998,0,2133,1,0,1865,76177.61911989273,346.26461544300025,-0.0049499999999999995,0,39195,4770,18052
14/12/2024,1.3244060464622056e+07,2427,303,1.3243284710340606e+07,775.7542814500886,0,2425,2,0,2124,111117.08518601999,502.5400551700001,-0.19886894513264486,0,48468,5643,17783
13/12/2024,1.478643335947665e+07,2702,376,1.478418952129672e+07,2243.838179931512,0,2698,4,0,2326,122734.19352383868,556.8908973200004,-0.572746602088118,0,55219,6143,17480
12/12/2024,1.5486547628496137e+07,2747,388,1.5486547628496137e+07,0,0,2747,0,0,2359,132306.30414393233,576.3372721270016,0,0,57037,6493,17104
11/12/2024,1.5733946052329877e+07,2763,436,1.5733946052329877e+07,0,0,2763,0,0,2327,137101.68127266027,612.5282716850014,0,0,54502,5958,16716
10/12/2024,1.3812496019274369e+07,2510,290,1.3812496019274369e+07,0,0,2510,0,0,2220,122617.3447801954,573.2080576790011,0,0,50870,5542,16280
09/12/2024,1.1002528805485649e+07,2599,337,1.1002528805485649e+07,0,0,2599,0,0,2262,96534.08790461415,430.16324910199984,0,0,40869,4912,15990
08/12/2024,8.303719411596091e+06,2163,269,8.303719411596091e+06,0,0,2163,0,0,1894,74222.10422960533,313.26005065699997,0,0,31415,3681,15653
07/12/2024,9.249440342721162e+06,2150,226,9.249440342721162e+06,0,0,2150,0,0,1924,82187.8560109815,344.1299250109997,0,0,33291,4243,15384
06/12/2024,1.1611552459828826e+07,2527,367,1.1611552459828826e+07,0,0,2527,0,0,2160,103700.43844902833,434.3448153509995,0,0,37631,4474,15158
05/12/2024,1.014058250108429e+07,2517,398,1.014058250108429e+07,0,0,2517,0,0,2119,90480.9108523563,383.75109476999955,0,0,36957,4713,14791
04/12/2024,1.1617410748398075e+07,2708,475,1.1617410748398075e+07,0,0,2708,0,0,2233,106907.81221295948,457.03685077499983,0,0,37321,4401,14393
03/12/2024,1.315618713105406e+07,2884,501,1.315618713105406e+07,0,0,2884,0,0,2383,121401.05457640324,534.1873226489997,0,0,46617,6536,13918
02/12/2024,1.4153058321854074e+07,2921,488,1.4153058321854074e+07,0,0,2921,0,0,2433,130310.39976795892,575.0714840969998,0,0,44741,5525,13417
01/12/2024,1.1901814608130943e+07,2676,460,1.1901814608130943e+07,0,0,2676,0,0,2216,109851.5567242874,463.47536706999995,0,0,43849,5056,12929
30/11/2024,1.0062136652555397e+07,2530,420,1.0062136652555397e+07,0,0,2530,0,0,2110,92576.4759201672,384.13186490799984,0,0,41212,5751,12469
29/11/2024,1.5481006373176157e+07,2858,540,1.5481006373176157e+07,0,0,2858,0,0,2318,142405.47105840166,589.1327172659998,0,0,52973,6440,12049
28/11/2024,1.5030172015842406e+07,3003,597,1.5030172015842406e+07,0,0,3003,0,0,2406,138481.89699004524,581.3358638679998,0,0,59301,6658,11509
27/11/2024,1.9520864187153205e+07,3007,661,1.9520864187153205e+07,0,0,3007,0,0,2346,179892.03756575356,763.0328144529994,0,0,65168,7547,10912
26/11/2024,1.4753059451573044e+07,2808,545,1.4753059451573044e+07,0,0,2808,0,0,2263,136266.45736590825,587.2122844150001,0,0,62837,7862,10251
25/11/2024,2.015156438043951e+07,2941,664,2.015156438043951e+07,0,0,2941,0,0,2277,185356.63182073165,751.8214048230005,0,0,59207,8538,9706
24/11/2024,1.3134875797332423e+07,2664,612,1.3134875797332423e+07,0,0,2664,0,0,2052,121114.88264969237,479.6507794969996,0,0,45769,6165,9042
23/11/2024,1.917734313719277e+07,2628,627,1.917734313719277e+07,0,0,2628,0,0,2001,176716.50473977087,686.4064107569999,0,0,49965,6477,8430
22/11/2024,2.0133356642978866e+07,2823,660,2.0133356642978866e+07,0,0,2823,0,0,2163,185609.5448535466,721.8324661889995,0,0,60959,7605,7803
21/11/2024,2.192200669207612e+07,2838,668,2.192200669207612e+07,0,0,2838,0,0,2170,202065.15816106458,821.9681741279998,0,0,59065,6851,7143
20/11/2024,2.5082043110355936e+07,2807,763,2.5082043110355936e+07,0,0,2807,0,0,2044,231505.56231505665,981.8746400089991,0,0,76902,9497,6475
19/11/2024,2.3017328493984263e+07,2471,668,2.3017328493984263e+07,0,0,2471,0,0,1803,213418.63873222025,884.1721264969991,0,0,61993,6902,5712
18/11/2024,1.8441759630403694e+07,2164,551,1.8441759630403694e+07,0,0,2164,0,0,1613,102038.35831168552,424.5444558069998,0,0,56919,6465,5044
17/11/2024,1.6208874428183924e+07,1836,447,1.6208874428183924e+07,0,0,1836,0,0,1389,81186.31754848751,349.3565694759993,0,0,49905,5823,4493
16/11/2024,1.08009515922718e+07,1508,282,1.08009515922718e+07,0,0,1508,0,0,1226,59556.70342598737,273.43509876599984,0,0,35904,5209,4046
15/11/2024,1.4001141378314251e+07,1837,499,1.4001141378314251e+07,0,0,1837,0,0,1338,70111.41276894324,330.1324850459997,0,0,46374,6073,3764
14/11/2024,1.3440789900704265e+07,1678,512,1.3440789900704265e+07,0,0,1678,0,0,1166,67328.7594076335,312.97321974599976,0,0,41637,5927,3265
13/11/2024,9.995254223667031e+06,1439,429,9.995254223667031e+06,0,0,1439,0,0,1010,50071.77890373225,236.1896401349997,0,0,32163,4951,2753
12/11/2024,6.83081273258083e+06,1181,346,6.83081273258083e+06,0,0,1181,0,0,835,34214.37532755138,158.9432630279999,0,0,29176,6569,2324
11/11/2024,6.562990316171169e+06,1045,385,6.562990316171169e+06,0,0,1045,0,0,660,32870.934531934254,152.395244071,0,0,26574,5613,1978
10/11/2024,4.628559125266583e+06,752,235,4.628559125266583e+06,0,0,752,0,0,517,23175.42391844704,112.168605036,0,0,20566,4379,1593
09/11/2024,2.8043076934300875e+06,618,221,2.8043076934300875e+06,0,0,618,0,0,397,14043.753067556128,70.48316151000002,0,0,15219,4361,1358
08/11/2024,3.0325161046896894e+06,505,133,3.0325161046896894e+06,0,0,505,0,0,372,15193.709254367084,76.22033111800008,0,0,11051,2055,1137
07/11/2024,2.1236367366095902e+06,464,165,2.1236367366095902e+06,0,0,464,0,0,299,10633.39943996338,55.40394282799999,0,0,8939,1810,1004
06/11/2024,1.8404680404370367e+06,376,93,1.8404680404370367e+06,0,0,376,0,0,283,9218.412090712854,50.066098151000006,0,0,9433,2609,839
05/11/2024,924708.2242853346,302,72,924708.2242853346,0,0,302,0,0,230,4630.885700241191,28.28082300800001,0,0,5653,1339,746
04/11/2024,1.0408280996472073e+06,252,59,1.0408280996472073e+06,0,0,252,0,0,193,5212.362478688025,32.23732891500002,0,0,6585,1500,674
03/11/2024,1.0422926880184308e+06,237,56,1.0422926880184308e+06,0,0,237,0,0,181,5221.065809153703,32.032983343,0,0,5790,1098,615
02/11/2024,649416.1521503748,212,42,649416.1521503748,0,0,212,0,0,170,3251.5318348904902,19.624900857999993,0,0,4096,962,559
01/11/2024,601343.2348013589,220,55,601343.2348013589,0,0,220,0,0,165,3012.7132440261926,18.00590070900001,0,0,3954,964,517
31/10/2024,770331.7264501468,214,68,770331.7264501468,0,0,214,0,0,146,3858.4149066996115,22.515793821999978,0,0,4382,945,462
30/10/2024,821783.6114092448,198,76,821783.6114092448,0,0,198,0,0,122,4116.23232493369,23.29885881699999,0,0,3443,866,394
29/10/2024,1.0185166653776899e+06,175,55,1.0185166653776899e+06,0,0,175,0,0,120,5102.824467761329,28.323729888999978,0,0,3377,874,318
28/10/2024,721398.4470358011,120,29,721398.4470358011,0,0,120,0,0,91,3613.30407148907,20.56298578899999,0,0,2866,666,263
27/10/2024,670489.6548643506,101,21,670489.6548643506,0,0,101,0,0,80,3359.7173980548905,19.205127538999978,0,0,2769,783,234
26/10/2024,550013.5175688071,96,18,550013.5175688071,0,0,96,0,0,78,2755.010525293621,16.311592025999992,0,0,2514,737,213
25/10/2024,712226.3672297248,103,21,712226.3672297248,0,0,103,0,0,82,3568.6435947414598,20.74022363399999,0,0,3073,635,195
24/10/2024,1.11283962489218e+06,124,49,1.11283962489218e+06,0,0,124,0,0,75,5575.393895013022,31.742332377000004,0,0,4032,761,174
23/10/2024,666389.4799365371,97,44,666389.4799365371,0,0,97,0,0,53,3338.739587593211,19.797465712999987,0,0,2298,642,125
22/10/2024,414892.9909204796,81,81,414892.9909204796,0,0,81,0,0,0,2078.6745959681903,12.432462686000004,0,0,1496,513,81
